Temperature, Humidity
31.763943,48.831388
31.763943,48.831388
31.747921,48.819944
31.747921,48.819944
31.747921,48.819944
31.747921,48.819944
